Item,Category,Tier,Notes
Annihilus,Charm,High,Used on every build. The only Unique Small Charm. Acquired by killing Diablo Clone | Stats: +x to all Attributes. All Resistances +x+x% to Experience Gained
Arachnid Mesh,Belt,High,Best in Slot for most Caster builds. Example: Lightning Sentry Assassin
Bul-Kathos' Wedding Band,Ring,High,Best in Slot for +x to Skills reliant builds. Example: Blessed Hammer Paladin | Stats: x% Life stolen per hit
Cold Rupture,Charm,High,Sets all Immune to Cold monsters to 95% Cold Resistance. It also reduces your own Resistance to Cold Damage.See: Sunder Charms
Crack of the Heavens,Charm,High,Sets all Immune to Lightning monsters to 95% Lightning Resistance. It also reduces your own Resistance to Lightning Damage.See: Sunder Charms
Crown of Ages,Helm,High,Recommended on most Hardcore builds. Example: Poison Javelin Amazon | Stats: Socketed [x]Damage Reduced by x%All Resistances +x
Death's Fathom,Weapon,High,Best damage Weapon for a Cold Sorceress. Example: Blizzard Sorceress | Stats: +x% to Cold Skill Damage. Lightning Resist +xx%Fire Resist +xx%
Death's Web,Weapon,High,Best in Slot for Poison Nova Necromancers | Stats: -x% to Enemy Poison Resistance+x to Poison and Bone Skills+x to Mana after each Kill+x to Life after each Kill
Griffon's Eye,Helm,High,Best in Slot for most Lightning builds. Example: Lightning Fury Amazon | Stats: -x% to Enemy Lightning Resistance+x% to Lightning Skill Damage
Harlequin Crest,Helm,High,Extremely sought after early on. Best in Slot on most Magic Find builds. Example: Frozen Orb Sorceress
Hellfire Torch,Charm,High,Used on every build. The only Unique Large Charm. Acquired by killing the Uber Bosses. Value depends on Class!Sorceress &gt; Paladin &gt; Rest | Stats: +x to Class Skill Levels+x to all Attributes. All Resistances +x
Herald of Zakarum,Shield,High,Best in Slot for several Paladin builds. Example: Fist of the Heavens Paladin
Highlord's Wrath,Amulet,High,Best in Slot on many Attack builds. Example: Dream Paladin
Mara's Kaleidoscope,Amulet,High,Most versatile Amulet for +x to Skills reliant builds. Example: Summoner Necromancer | Stats: All Resistances +x
Rainbow Facet,Jewel,High,"Increases the damage of builds using the type listed on the item. Only valuable with perfect or near perfect rolls, otherwise they're hard to trade. Example: Poison Nova Necromancer. Lightning &gt; Fire &gt; Cold &gt; Poison | Stats: -x% to Enemy xx Resistance+x% to xx Skill Damage"
Skin of the Vipermagi,Body Armor,High,Best in Slot for some Caster builds. Powerful transition Item. Example: Frozen Orb Meteor Sorceress | Stats: All Resistances +x. Magic Damage Reduced by x
Tal Rasha's Adjudication,Amulet (Set),High,Best in Slot for Magic Find Sorceresses. Mostly used in combination with Tal Rasha's Guardianship and Tal Rasha's Fine-Spun Cloth. Example: Fire Ball Nova Sorceress
Tal Rasha's Guardianship,Body Armor (Set),High,Best in Slot for Magic Find Sorceresses. Mostly used in combination with Tal Rasha's Adjudication and Tal Rasha's Fine-Spun Cloth. Example: Meteor Sorceress
The Oculus,Weapon,High,Best in Slot for Magic Find Sorceresses. Dangerous on Hardcore. Example: Hydra Sorceress
The Stone of Jordan,Ring,High,Used to spawn Diablo Clone. Best in Slot for builds that require +x to Skills
Tyrael's Might,Body Armor,High,"Used in very niche builds. Rarest item in the game, making it a great trophy. It also has an iconic look, making it the ultimate swag item | Stats: All Resistances +x+x to Strength+x% Damage to Demons"
War Traveler,Boots,High,Best Boots for Magic Find builds. Best in Slot for some Physical Damage builds. Example: Multiple Shot Amazon | Stats: x% Better Chance of Getting Magic Items
Wisp Projector,Ring,High,The rarest ring in the game. Provides both Magic Find and Lightning Absorb. Frequently used by Uber Tristram builds. Example: Smite Paladin | Stats: Lightning Absorb x%x% Better Chance of Getting Magic Items
Andariel's Visage,Helm,Med,Best in Slot for most Act 2 Mercenaries | Stats: +x% Life stolen per hit+x to Strength. Ethereal
Arkaine's Valor,Body Armor,Med,Only usable with +2 to All Skills | Stats: +x to All Skills
Arreat's Face,Helm,Med,Best in Slot on several Barbarian Attack builds. Example: Frenzy Barbarian | Stats: x% Life stolen per hit
Azurewrath,Weapon,Med,Primarily an Act 3 or Act 5 Mercenary Weapon | Stats: Level x Sanctuary Aura When Equipped+x to all Attributes
Bone Break,Charm,Med,Sets all Immune to Physical monsters to 95% Physical Resistance. It also reduces your own Resistance to Physical Damage.See: Sunder Charms
Chance Guards,Gloves,Med,Best Gloves for Magic and Gold Find builds. Example: Gold Find Barbarian. Requires a high Magic Find roll | Stats: x% Better Chance of Getting Magic Items
Dracul's Grasp,Gloves,Med,Best in Slot for Melee Uber Tristram builds. Example: Dragon Talon Assassin | Stats: +x to Strengthx% Life stolen per hit
Eschuta's Temper,Weapon,Med,Best damage Weapon for a. Lightning or Fire Sorceress. Requires +3 Skills and a good damage roll | Stats: +x to Sorceress Skill Levels+x% to Lightning Skill Damage. OR+x% to Fire Skill Damage
Flame Rift,Charm,Med,Sets all Immune to Fire monsters to 95% Fire Resistance. It also reduces your own Resistance to Fire Damage.See: Sunder Charms
Gheed's Fortune,Charm,Med,Used in most builds. Especially Magic and Gold Find builds. Example: Berserk Barbarian | Stats: All Stats are important. Priority depends on the use
Gore Rider,Boots,Med,Best in Slot for several Attack builds. Example: Dragon Talon Assassin | Stats: Base Item upgrade through Horadric Cube recipe (For the example build)
Griswold's Honor,Shield (Set),Med,Full Set used in budget Paladin setups. Highest Faster Block Rate value in the game
Griswold's Redemption,Weapon (Set),Med,Full Set used in budget Paladin setups. It is also used by the Werebear Sorceress for high Attack Speed | Stats: Socketed [4] required+x% Enhanced Damage
Guillaume's Face,Helm (Set),Med,Best in Slot for Melee Uber Tristram builds and Mercenaries in niche scenarios. Example: Zeal Paladin
Hand of Blessed Light,Weapon,Med,Solid Weapon option for a Fist of the Heavens Paladin
Homunculus,Shield,Med,Strong Item for Necromancers. Best in Slot when going Max Block. Example: Poison Nova Necromancer
Immortal King's Soul Cage,Body Armor (Set),Med,Rarest piece of the Immortal King Set. The complete Set is a solid option for the Whirlwind Barbarian early on
Lacerator,Weapon,Med,Best in slot on Throw Barbarians. Requires Ethereal for High Value | Stats: Ethereal+x% Enhanced Damage
M'avina's True Sight,Helm (Set),Med,Rarest piece of the M'avina's Set. Only used in full M'avina's Battle Hymn setups. Example: Freezing Arrow Amazon
Metalgrid,Amulet,Med,Strong option for Attack builds that require Resistances and Attack Rating. Used for Iron Golem as well. Example: Dragon Talon Assassin | Stats: All Resistances +x+x to Attack Rating
Nightwing's Veil,Helm,Med,Best Helmet for damage on Cold Skill builds. Example: Freezing Arrow Amazon | Stats: +x% to Cold Skill Damage+x to Dexterity+x Cold Absorb
Ondal's Wisdom,Weapon,Med,Provides the rare Stat of +5% to Experience Gained. Frequently used to reach high Levels | Stats: +x to All Skills. Magic Damage Reduced by x
Ormus' Robes,Body Armor,Med,Best damage option for Sorceressand niche Elemental Damage builds. Example: Blizzard Sorceress | Stats: +x to Skill (Sorceress Only)+x% to Cold Skill Damage*+x% to Lightning Skill Damage*+x% to Fire Skill Damage**Only the Element of the build
Raven Frost,Ring,Med,Best in Slot for most Attack builds due to Cannot be Frozen. Example: Frenzy Barbarian | Stats: +x to Dexterity+x to Attack Rating
Ravenlore,Helm,Med,Best in Slot on a Fissure Druid | Stats: -x% to Enemy Fire Resistance. All Resistances +x+x to Energy
Shadow Dancer,Boots,Med,Highest Kick Damage Boots. Used for Prebuff and Faster Hit Recovery | Stats: +x to Shadow Disciplines+x to Dexterity
Skullder's Ire,Body Armor,Med,Strong option for early Magic Find. Good for builds that don't require defensive Stats. Drops in value after a couple of weeks due to better setups. Example: Lightning Fury Amazon | Stats: Ethereal
Stormlash,Weapon,Med,Niche Item that is rarely used. Hard to Trade. Example: Dragon Talon Assassin | Stats: +x% Enhanced Damage
Tal Rasha's Fine-Spun Cloth,Belt (Set),Med,Best in Slot for Magic Find Sorceresses. Only used in combination with Tal Rasha's Guardianship and Tal Rasha's Adjudication. Example: Fire Ball Nova Sorceress | Stats: x% Better Chance of Getting Magic Items
Tal Rasha's Horadric Crest,Helm (Set),Med,Used on early-game Mercenaries and full Tal Rasha's Wrappings setups. Drops in Value after Early Ladder
Tal Rasha's Lidless Eye,Weapon (Set),Med,Used in 4-Piece and full Tal Rasha's Wrappings setups. Example: Fire Ball Nova Sorceress | Stats: +x to Cold Mastery+x to Fire Mastery+x to Lightning Mastery
The Reaper's Toll,Weapon,Med,Best in Slot on some Mercenaries of Physical Damage builds. Can also be used as a Weapon on Shapeshifting builds. Example: Werewolf Fury Druid | Stats: Ethereal+x% Enhanced Damagex% Life stolen per hit
Thundergod's Vigor,Belt,Med,Best in slot for Lightning Strike Amazons. Frequently used by Uber Tristram Builds for its Lightning Absorb
Thunderstroke,Weapon,Med,Best in Slot for boss killing setups of the. Lightning Fury Amazon | Stats: +x to Javelin and Spear Skills
Titan's Revenge,Weapon,Med,Best Unique Weapon for Amazons using the. Javelin and Spear Skill tree. Example: Poison Javelin Amazon | Stats: Ethereal+x% Enhanced Damagex% Life stolen per hit
Trang-Oul's Claws,Gloves (Set),Med,Best in Slot on some Caster Builds. Also used in 3-Piece and full Trang-Oul's Avatar setups
Trang-Oul's Girth,Belt (Set),Med,Solid option to gain Cannot Be Frozen. Rarest piece of the Trang-Oul's Set. Used in 3-Piece and full Trang-Oul's Avatar setups
Vampire Gaze,Helm,Med,Best in Slot for some Mercenaries and some Hardcore melee Attack builds | Stats: Damage Reduced by x%x% Life stolen per hitx% Mana stolen per hit. Magic Damage Reduced by x
Verdungo's Hearty Cord,Belt,Med,"Provides large amounts of survivability. Used mostly in Pv. P, Ubers, Hardcore and niche builds. Example: Zeal Paladin | Stats: Damage Reduced by x%+x to Vitality. Replenish Life +x"
Warshrike,Weapon,Med,Solid option for Throw Barbarians. Requires Ethereal for High Value | Stats: Ethereal+x% Enhanced Damage
Waterwalk,Boots,Med,Provides great survivability. Example: Blessed Hammer Paladin | Stats: +x to Life
Windforce,Weapon,Med,One of the best options for Physical Damage Bow Amazons. Example: Multiple Shot Amazon | Stats: x% Mana stolen per hit
Wizardspike,Weapon,Med,Super strong early-game option. Situational in late-game
Aldur's Advance,Boots (Set),Low,Solid Boots that can be used on every build. Especially useful when in need of Fire Resist | Stats: Fire Resist +x%
Arm of King Leoric,Weapon,Low,Good mid-game Weapon for a. Summon Necromancer
Astreon's Iron Ward,Weapon,Low,A rare and solid Weapon for a Fist of the Heavens Paladin | Stats: +x to Combat Skills. Damage +x+x% Enhanced Damage+x% Bonus to Attack Rating. Damage Reduced by x
Atma’s Scarab,Amulet,Low,Niche item for Physical Damage builds. Best in slot on the Strafe Amazon
Bartuc's Cut-Throat,Weapon,Low,Good early-game option for any Assassin build. Budget option for Martial Arts Assassins. Example: Phoenix Strike Assassin | Stats: +x% Enhanced Damagex% Life stolen per hit
Black Cleft,Charm,Low,Sets all Immune to Magic monsters to 95% Magic Resistance. It also reduces your own Resistance to Magic Damage.See: Sunder Charms
Blade of Ali Baba,Weapon,Low,Solid Weapon-Swap for Magic and Gold Find builds. Value drops quickly. Example: Gold Find Barbarian
Bloodfist,Gloves,Low,Provides great survivability stats. Best in Slot Leveling Unique
Boneflame,Shield,Low,Niche item. Hard to Trade | Stats: +x to Necromancer Skill Levels. All Resistances +x
Bonehew,Weapon,Low,Budget Mercenary option for a Gold Find Barbarian. Ethereal is required for decent Value | Stats: Ethereal+x% Enhanced Damage
Boneshade,Weapon,Low,Solid option for Bone Spear Necromancers. Requires good rolls. Hard to Trade because of White | Stats: +x to Bone Spear+x to Teeth+x to Bone Armor+x to Bone Spirit
Buriza-Do Kyanon,Weapon,Low,Budget option for Strafe Amazons | Stats: +x% Enhanced Damage
Butcher's Pupil,Weapon,Low,Strong budget melee Attack Weapon. Example: Zeal Paladin | Stats: +x% Enhanced Damage
Cerebus' Bite,Helm,Low,Hard to Trade and requires a good roll. Alternative Helmet for Shapeshifting Druid builds such as the Werewolf Fury Druid | Stats: +x to Shape Shifting Skills+x% Life stolen per hitx% Bonus to Attack Rating+x to Feral Rage
Cow King's Hide,Body Armor (Set),Low,Good Leveling Set. Full Set can be used for Magic Find builds
Cow King's Hooves,Boots (Set),Low,Good Leveling Set. Full Set can be used for Magic Find builds
Cow King's Horns,Helm (Set),Low,Good Leveling Set. Full Set can be used for Magic Find builds
Crown of Thieves,Helm,Low,Good option for mid-game Attack builds. Strong Helmet on Gold Find builds and Mercenaries. Example: Gold Find Barbarian | Stats: Priority depends on use:x% Extra Gold from Monstersx% Life stolen per hit
Darkforce Spawn,Shield,Low,Niche Item that requires a good roll. Hard to Trade | Stats: +x to Poison and Bone Skills+x to Summoning Skills+x to Curses
Death Cleaver,Weapon,Low,Alternative Weapon if Grief is not available. High Value if Ethereal | Stats: +x% Enhanced Damage+x Life after each Kill
Death's Guard,Belt (Set),Low,Only used in combination with Death's Hand. Extremely powerful Starter setup. Can be upgraded using a Horadric Cube Recipe
Death's Hand,Gloves (Set),Low,Only used in combination with Death's Guard. Extremely powerful Starter setup
Demon Limb,Weapon,Low,Frequently used to pre-buff Attack based Characters for additional Attack Rating. Example: Zeal Paladin
Demon Machine,Weapon,Low,Primary weapon used on an Enchant Sorceress
Duriel's Shell,Body Armor,Low,Strong early game Body Armor for Mercenaries and Characters alike due to Cannot Be Frozen and strong Resistances | Stats: Ethereal (for Mercenary)
Dwarf Star,Ring,Low,Best in Slot for Gold Find Characters. Sometimes used in PVP against Fire builds. Example: Gold Find Barbarian | Stats: Magic Damage Reduced by x
Earth Shifter,Weapon,Low,Niche rare item that can be used on a Fire Claws Druid | Stats: +x% Enhanced Damage
Fleshripper,Weapon,Low,Good early-game alternative for Smite Paladins or Dragon Talon Assassins
Frostburn,Gloves,Low,Best in Slot for Energy Shield builds
Gargoyle's Bite,Weapon,Low,Niche use on a Throw Barbarian. Hard to Trade | Stats: Ethereal+x% Enhanced Damagex% Life stolen per hit
Gerke's Sanctuary,Shield,Low,Defensive Shield used on certain Energy Shield Sorceress builds. Medium Value in Hardcore | Stats: Damage Reduced by x. Magic Damage Reduced by x. All Resistances +x
Giant Skull,Helm,Low,Niche item for Bow builds and Act 1 Mercenaries. Example: Strafe Amazon | Stats: Socketed [2] requiredx to Strength
Goblin Toe,Boots,Low,Best in Slot for Smite Paladins
Goldstrike Arch,Weapon,Low,Budget Weapon option for Strafe and Multiple Shot Amazons | Stats: +x% Enhanced Damage+x% Damage to Demons+x% Damage to Undeadx% Bonus to Attack Rating
Goldwrap,Belt,Low,Best in Slot for Magic and Gold Find builds. Example: Berserk Barbarian | Stats: x% Extra Gold from Monsters
Griswold's Valor,Helm (Set),Low,Very good transitional Magic Find Helmet. Full Set used in niche Paladin setups | Stats: x% Better Chance of Getting Magic Items
Guardian Angel,Body Armor,Low,Used for very high survivability due to higher Maximum Resistances and lower Dexterity requirement for max Chance to Block
Gull,Weapon,Low,The best early game Magic Find Weapon
Head Hunter's Glory,Shield,Low,Used in niche builds. Hard to trade | Stats: Socketed (3 required)Fire Resist +x%+x Life after each Kill
Heaven's Light,Weapon,Low,Solid Weapon option for a Fist of the Heavens Paladin | Stats: +x to Paladin Skill Levels+x Life after each Demon Kill+x% Enhanced Damage
Hotspur,Boots,Low,Strong Leveling Unique. Used to negate Fire Damage in Chaos Sanctuary. Sometimes used in PVP
Immortal King's Detail,Belt (Set),Low,Often used in combination with Immortal King's Forge and Immortal King's Pillar. More commonly used in full Set
Immortal King's Forge,Gloves (Set),Low,Often used in combination with Immortal King's Detail and Immortal King's Pillar. More commonly used in full Set
Immortal King's Pillar,Boots (Set),Low,Often used in combination with Immortal King's Detail and Immortal King's Forge. More commonly used in full Set
Immortal King's Stone Crusher,Weapon (Set),Low,Only used in complete Immortal King Set gear setups. Must have 40% Crushing Blow to be tradable | Stats: x% Chance of Crushing Blow
Immortal King's Will,Helm (Set),Low,Solid option for Magic and Gold Find Barbarians. Example: Gold Find Barbarian | Stats: x% Better Chance of Getting Magic Items
Infernostride,Boots,Low,Solid option for Gold Find builds. Example: Gold Find Barbarian | Stats: x% Extra Gold from Monsters
Jalal's Mane,Helm,Low,Best in Slot for most Shapeshifting Druid builds. Example: Rabies Druid
Kira's Guardian,Helm,Low,Good option to cap Resistances early on. Especially good for Attack builds due to Cannot Be Frozen | Stats: All Resistances +x
Laying of Hands,Gloves (Set),Low,Best in Slot for many Attack builds. Hard to Trade. Example: Multiple Shot Amazon
Leviathan,Body Armor,Low,Good survivability Armor for Mercenaries and melee Attack builds. Medium Value in Hardcore
Lidless Wall,Shield,Low,Best in Slot Caster Shield until Spirit | Stats: +x to Mana after each kill
Lightsabre,Weapon,Low,Strong Weapon to Level-Up Melee Characters. Alternative Weapon for Uber Tristram builds | Stats: +x% Enhanced Damagex% Mana stolen per hit
M'avina's Caster,Weapon (Set),Low,Only used in full M'avina's Battle Hymn setups. Example: Freezing Arrow Amazon
M'avina's Embrace,Body Armor (Set),Low,Only used in full M'avina's Battle Hymn setups. Example: Freezing Arrow Amazon
Magefist,Gloves,Low,Best in Slot for most Caster builds. Especially strong on Fire Skill builds. Example: Hydra Sorceress
Marrowwalk,Boots,Low,Best in Slot damage option for Summon Necromancers. Niche uses on Uber Tristram builds | Stats: +x to Skeleton Mastery (Necromancer)+x to Strength
Moser's Blessed Circle,Shield,Low,High Resistance Shield. Used during Leveling and in Hardcore
Nagelring,Ring,Low,Best in Slot for Magic Find builds. Example: Berserk Barbarian | Stats: x% Better Chance of Getting Magic Items
Naj's Puzzler,Weapon (Set),Low,Best Teleport staff in the game. Used before Enigma. Full Set grants solid Magic Find
Natalya's Mark,Weapon (Set),Low,Rarest piece of the Natalya's Set. Used in Full Natalya's Odium setups on niche Martial Arts Assassins. Example: Phoenix Strike Assassin
Natalya's Soul,Boots (Set),Low,Very good early game Boots on most builds. Used in Full Natalya's Odium setups on niche Martial Arts Assassins. Example: Phoenix Strike Assassin | Stats: Lightning Resist +x%Cold Resist +x%
Nature's Peace,Ring,Low,Used on Nihlathak farming builds | Stats: Damage Reduced by x
Nosferatu's Coil,Belt,Low,Niche Belt for Attack builds. Example: Zeal Paladin | Stats: x% Life stolen per hit
Peasant Crown,Helm,Low,Strong +1 to All Skills Helmet for Leveling. Used on several budget builds. Drops in Value after Early Ladder
Que-Hegan's Wisdom,Helm,Low,Used on mid-game caster builds which benefit a lot from Mana after each Kill. Example: Nova Sorceress
Raven Claw,Weapon,Low,Best in Slot Weapon for Leveling with the help of an Enchant Sorceress
Razortail,Belt,Low,Best in Slot for most projectile builds. Example: Lightning Fury Amazon
Ribcracker,Weapon,Low,Used on Uber Druid Shapeshifting builds. Requires good rolls and Ethereal quality. Example: Werewolf Fury Druid | Stats: +x% Enhanced Damage. Ethereal
Rockstopper,Helm,Low,Extremely strong survivability Helmet for Leveling. More useful on Hardcore | Stats: Lightning Resist +x%Fire Resist +x%Cold Resist +x%
Rotting Fissure,Charm,Low,Sets all Immune to Poison monsters to 95% Poison Resistance. It also reduces your own Resistance to Poison Damage.See: Sunder Charms
Sandstorm Trek,Boots,Low,Best in Slot on some build variants. Often used in PVP and Hardcore. Hard to Trade. Example: Blessed Hammer Paladin | Stats: +x to Strength+x to Vitality. Ethereal
Schaefer's Hammer,Weapon,Low,Decent alternative for melee Attack builds | Stats: +x% Enhanced Damage
Seraph’s Hymn,Amulet,Low,Used for +2 to All Skills | Stats: +x to Defensive Auras+x% Damage to Demons+x% Damage to Undead+x to Attack Rating against Demons+x to Attack Rating against Undead
Shaftstop,Body Armor,Low,Strong survivability option for melee Attack builds and Mercenaries. Medium Value in Hardcore | Stats: Ethereal (for Mercenaries)
Sigon's Gage,Gloves (Set),Low,Versatile Leveling Set. Drops in Value quickly
Sigon's Guard,Shield (Set),Low,Versatile Leveling Set. Drops in Value after Early Ladder
Sigon's Sabot,Boots (Set),Low,Versatile Leveling Set. Drops in Value after Early Ladder
Sigon's Shelter,Body Armor (Set),Low,Versatile Leveling Set. Drops in Value after Early Ladder
Sigon's Visor,Helm (Set),Low,Versatile Leveling Set. Drops in Value after Early Ladder
Sigon's Wrap,Belt (Set),Low,Versatile Leveling Set. Drops in Value after Early Ladder
Silkweave,Boots,Low,Highest Mana recovery Boots. Solid option for high Area of Effect builds. Example: Lightning Fury Amazon
Snowclash,Belt,Low,Best in Slot damage Belt for the Blizzard Sorceress
Stealskull,Helm,Low,Best in Slot for Magic Find Mercenaries. Hard to Trade | Stats: x% Better Chance of Getting Magic Items
Steelrend,Gloves,Low,Mostly used on PVP builds | Stats: +x% Enhanced Damage+x to Strength
Stormshield,Shield,Low,Best defensive Shield in the game. High Value in Hardcore. Example: War Cry Barbarian
String of Ears,Belt,Low,Good option for early Attack builds | Stats: Damage Reduced by x%x% Life stolen per hit. Magic Damage Reduced by x
Suicide Branch,Weapon,Low,Used for its high Faster Cast Rate. Example: Tornado Hurricane Druid
Tarnhelm,Helm,Low,Solid Magic Find option until Harlequin Crest. Drops in Value after Early Ladder | Stats: x% Better Chance of Getting Magic Items
The Cat’s Eye,Amulet,Low,Strong Amulet for Attack builds that require Increased Attack Speed. Cheap alternative to Highlord's Wrath. Example: Jab Fend Amazon
The Cranium Basher,Weapon,Low,Niche Weapon for melee Attack builds | Stats: +x% Enhanced Damage
The Grandfather,Weapon,Low,Iconic Weapon used in early-mid game melee builds. Requires a high Enhanced Damage roll. Example: Frenzy Barbarian | Stats: +x% Enhanced Damage
The Redeemer,Weapon,Low,Solid Weapon option for a Fist of the Heavens Paladin | Stats: +x to Holy Bolt. Damage +x+x% Enhanced Damage
Tomb Reaver,Weapon,Low,Best in Slot on niche builds. Requires extremely good rolls for High Value. Example: Werewolf Fury Druid | Stats: Socketed [3] required. Ethereal+x% Enhanced Damage. All Resistances +xx% Better Chance of Getting Magic Items+x to Life after each Kill+x% Damage to Undead
Trang-Oul's Guise,Helm (Set),Low,Used on niche setups using the full Set
Trang-Oul's Scales,Body Armor (Set),Low,Used on budget Summoner Necromancers. Also used on niche setups using the full Set
Trang-Oul's Wing,Shield (Set),Low,Used in 3-Piece and full Trang-Oul's Avatar setups. Example: Poison Nova Necromancer | Stats: Fire Resist +x%
Valkyrie Wing,Helm,Low,Strong early-game option for the Lightning Fury Amazon. Requires +2 to Amazon Skills | Stats: +x to Amazon Skill Levels+x to Mana after each Kill
Witchwild String,Weapon,Low,Act 1 Mercenary option that provides Physical Damage builds with Amplify Damage. Can also be used on an early-game Strafe Amazon | Stats: +x% Enhanced Damage
Wolfhowl,Helm,Low,Required for the niche Werewolf Barbarian. Needs to roll very well | Stats: +x to Warcries+x to Werewolf+x to Lycanthropy+x to Feral Rage+x to Strength+x to Dexterity+x to Vitality
Wraith Flight,Weapon,Low,Used on Throw Barbarians | Stats: +x% Enhanced Damagex% Life Stolen per hit
Aldur's Deception,Body Armor (Set),None,Full Set used on Summon Druids
Aldur's Rhythm,Weapon (Set),None,Full Set used on Summon Druids
Aldur's Stony Gaze,Helm (Set),None,Full Set used on Summon Druids
Alma Negra,Shield,None,Niche for Zealers. Hard to Trade | Stats: +x% Enhanced Damage+x% Bonus to Attack Rating+x to Paladin Skill Levels. Magic Damage Reduced by x
Angelic Halo,Ring (Set),None,Used in combination with Angelic Wings. Used on PVP builds and during Leveling. Rarely in late-game
Angelic Mantle,Body Armor (Set),TRASH,Charsi food
Angelic Sickle,Weapon (Set),TRASH,Charsi food
Angelic Wings,Amulet (Set),None,Used in combination with Angelic Halo. Used on PVP builds and during Leveling. Rarely in late-game
Arcanna's Deathwand,Weapon (Set),TRASH,Charsi food
Arcanna's Flesh,Body Armor (Set),TRASH,Charsi food
Arcanna's Head,Helm (Set),TRASH,Charsi food
Arcanna's Sign,Amulet (Set),TRASH,Charsi food
Arctic Binding,Belt (Set),None,Decent Set for Leveling
Arctic Furs,Body Armor (Set),None,Decent Set for Leveling
Arctic Horn,Weapon (Set),None,Decent Set for Leveling
Arctic Mitts,Gloves (Set),None,Decent Set for Leveling
Arioc's Needle,Weapon,None,Budget Mercenary Weapon. Also can be used on early-game. Jab Fend Amazons | Stats: +x% Enhanced Damage+x to All Skills
Athena's Wrath,Weapon,TRASH,Charsi food
Atma's Wail,Body Armor,TRASH,Charsi food
Axe of Fechmar,Weapon,TRASH,Charsi food
Baezil's Vortex,Weapon,TRASH,Charsi food
Bane Ash,Weapon,TRASH,Charsi food
Baranar's Star,Weapon,None,Versatile melee Leveling Weapon
Berserker's Hatchet,Weapon (Set),TRASH,Charsi food
Berserker's Hauberk,Body Armor (Set),TRASH,Charsi food
Berserker's Headgear,Helm (Set),None,Strong early-game option for Fire Resist
Biggin's Bonnet,Helm,None,Early-game Leveling Helmet
Bing Sz Wang,Weapon,TRASH,Charsi food
Black Hades,Body Armor,None,Decent Mercenary Armor option
Blackbog's Sharp,Weapon,TRASH,Charsi food
Blackhand Key,Weapon,None,Good Necromancer Leveling Unique
Blackhorn's Face,Helm,None,Early-game Mercenary Option. Can also be used for its Lightning Absorb against Uber Mephisto. Frequently used in Pv. P for the same reason
Blackleach Blade,Weapon,TRASH,Charsi food
Blackoak Shield,Shield,TRASH,Charsi food
Blacktongue,Weapon,TRASH,Charsi food
Bladebone,Weapon,TRASH,Charsi food
Bladebuckle,Belt,TRASH,Charsi food
Blastbark,Weapon,TRASH,Charsi food
Blinkbat's Form,Body Armor,TRASH,Charsi food
Blood Crescent,Weapon,TRASH,Charsi food
Blood Raven's Charge,Weapon,TRASH,Charsi food
Bloodletter,Weapon,None,Strong Leveling option for a melee Barbarian | Stats: +x to Whirlwind [Barbarian Only]+x to Blade Mastery [Barbarian Only]
Bloodmoon,Weapon,TRASH,Charsi food
Bloodrise,Weapon,TRASH,Charsi food
Bloodthief,Weapon,TRASH,Charsi food
Bloodtree Stump,Weapon,None,Decent Leveling Unique for Shapeshifting Druids or Whirlwind Barbarians | Stats: +x% Enhanced Damage
Boneflesh,Body Armor,None,Decent early Leveling for Attack builds and Mercenary
Boneslayer Blade,Weapon,TRASH,Charsi food
Bonesnap,Weapon,None,Decent Leveling Unique for Shapeshifting Druids or Whirlwind Barbarians | Stats: +x% Enhanced Damage
Brainhew,Weapon,TRASH,Charsi food
Bul-Kathos' Sacred Charge,Weapon (Set),None,Budget Frenzy Barbarian Weapon only used with Bul-Kathos' Tribal Guardian
Bul-Kathos' Tribal Guardian,Weapon (Set),None,Budget Frenzy Barbarian Weapon only used with Bul-Kathos' Sacred Charge
Bverrit Keep,Shield,TRASH,Charsi food
Carin Shard,Weapon,TRASH,Charsi food
Carrion Wind,Ring,TRASH,Charsi food
Cathan's Mesh,Body Armor (Set),TRASH,Charsi food
Cathan's Rule,Weapon (Set),TRASH,Charsi food
Cathan's Seal,Ring (Set),TRASH,Charsi food
Cathan's Sigil,Amulet (Set),TRASH,Charsi food
Cathan's Visage,Helm (Set),TRASH,Charsi food
Chromatic Ire,Weapon,None,Strong early-game Sorceress option instead of the Spirit + Ancient's Pledgecombination | Stats: Increased Maximum Life x%All Resistances +x%
Civerb's Cudgel,Weapon (Set),TRASH,Charsi food
Civerb's Icon,Amulet (Set),TRASH,Charsi food
Civerb's Ward,Shield (Set),TRASH,Charsi food
Cleglaw's Claw,Gloves (Set),TRASH,Charsi food
Cleglaw's Pincers,Weapon (Set),TRASH,Charsi food
Cleglaw's Tooth,Shield (Set),TRASH,Charsi food
Cliffkiller,Weapon,None,Good budget option on a Bow Amazon if upgraded using the Horadric Cube Recipe. Example: Strafe Amazon | Stats: +x% Enhanced Damage
Cloudcrack,Weapon,TRASH,Charsi food
Coif of Glory,Helm,TRASH,Charsi food
Coldkill,Weapon,TRASH,Charsi food
Coldsteel Eye,Weapon,TRASH,Charsi food
Corpsemourn,Body Armor,TRASH,Charsi food
Crainte Vomir,Weapon,TRASH,Charsi food
Cranebeak,Weapon,TRASH,Charsi food
Credendum,Belt (Set),None,Decent transitional Item due to All Resistances
Crescent Moon,Amulet,None,Decent Amulet for Attack builds early on if in need of Mana and / or Life Leech | Stats: x% Mana stolen per hitx% Life stolen per hit
Crow Caw,Body Armor,None,Good Low Level option for Mercenaries and Attack builds
Crushflange,Weapon,None,Early Leveling Weapon for melee attack builds. Can be used for Uber Tristram builds | Stats: +x% Enhanced Damage
Culwen's Point,Weapon,TRASH,Charsi food
Dangoon's Teaching,Weapon (Set),TRASH,Charsi food
Dark Adherent,Body Armor (Set),TRASH,Charsi food
Dark Clan Crusher,Weapon,TRASH,Charsi food
Darkglow,Body Armor,None,Good Armor for Mercenaries and Characters at low Levels due to All Resistances
Darksight Helm,Helm,TRASH,Charsi food
Death's Touch,Weapon (Set),TRASH,Charsi food
Deathbit,Weapon,None,Starter Throw Barbarian Weapon. Better if upgraded with the Horadric Cube Recipe | Stats: Ethereal+x% Enhanced Damagex% Life stolen per hitx% Mana stolen per hit
Deathspade,Weapon,TRASH,Charsi food
Demon's Arch,Weapon,None,Solid Throw Barbarian option. Medium Value if Ethereal | Stats: Ethereal+x% Enhanced Damagex% Life stolen per hit
Demonhorn's Edge,Helm,TRASH,Charsi food
Dimoak's Hew,Weapon,TRASH,Charsi food
Djinn Slayer,Weapon,TRASH,Charsi food
Doombringer,Weapon,None,Iconic Weapon for melee Attack builds. Can easily be replaced by other Weapons | Stats: +x% Enhanced Damage+x% Life stolen per hit
Doomslinger,Weapon,TRASH,Charsi food
Dragonscale,Shield,TRASH,Charsi food
Duskdeep,Helm,TRASH,Charsi food
Eaglehorn,Weapon,None,Can be used on budget Bow Amazon builds. Example: Multiple Shot Amazon
Earthshaker,Weapon,None,Good option for Leveling an Elemental Druid. Example: Fissure Druid
Endlesshail,Weapon,TRASH,Charsi food
Ethereal Edge,Weapon,TRASH,Charsi food
Executioner's Justice,Weapon,TRASH,Charsi food
Felloak,Weapon,TRASH,Charsi food
Firelizard's Talons,Weapon,TRASH,Charsi food
Flamebellow,Weapon,TRASH,Charsi food
Fleshrender,Weapon,None,Strong budget Weapon for a Smiter or a Dragon Talon Assassin
Frostwind,Weapon,TRASH,Charsi food
Ghostflame,Weapon,TRASH,Charsi food
Ghoulhide,Gloves,TRASH,Charsi food
Gimmershred,Weapon,None,Strong budget Throw Barbarian Weapon | Stats: +x% Enhanced Damage
Ginther's Rift,Weapon,TRASH,Charsi food
Gleamscythe,Weapon,TRASH,Charsi food
Gloom's Trap,Belt,TRASH,Charsi food
Goldskin,Body Armor,None,Good early option for Gold Find Barbarians and Mercenaries
Gorefoot,Boots,TRASH,Charsi food
Goreshovel,Weapon,TRASH,Charsi food
Gravenspine,Weapon,TRASH,Charsi food
Gravepalm,Gloves,TRASH,Charsi food
Greyform,Body Armor,None,Early-game Leveling Armor
Grim's Burning Dead,Weapon,TRASH,Charsi food
Griswold's Edge,Weapon,TRASH,Charsi food
Griswold's Heart,Body Armor (Set),None,Good early-game Mercenary Armor to reach the Strength needed for Colossus Voulge. Usually socketed with Perfect Amethysts. Full Set used in niche Paladin setups
Guardian Naga,Weapon,TRASH,Charsi food
Gut Siphon,Weapon,TRASH,Charsi food
Haemosu's Adamant,Body Armor,None,Decent early-game Mercenary Armor
Halaberd's Reign,Helm,None,Potential +4 to Battle Orders Helmet for Support Barbarians | Stats: +x to Battle Orders+x to Battle Command. Replenish Life +x
Hawkmail,Body Armor,None,Strong low Level Armor for Attack builds and Mercenaries
Headstriker,Weapon,None,Used for niche Act 5 Mercenary damage setups | Stats: Ethereal
Heart Carver,Weapon,None,Source of Find Item for Barbarians without spending Skill Points
Heavenly Garb,Body Armor,TRASH,Charsi food
Hellcast,Weapon,TRASH,Charsi food
Hellclap,Weapon,TRASH,Charsi food
Hellmouth,Gloves,None,Niche item for Leveling
Hellplague,Weapon,TRASH,Charsi food
Hellrack,Weapon,TRASH,Charsi food
Hellslayer,Weapon,None,Decent Weapon option for Shapeshifting Druids or Whirlwind Barbarians
Hexfire,Weapon,None,Strong Starter Weapon for Holy Fire Paladins and Fire Claws Druids
Hone Sundan,Weapon,None,Strong budget Mercenary damage option due to its Crushing Blow stat. Solid budget option for a Jab Fend Amazon as well | Stats: Ethereal+x% Enhanced Damage
Horizon's Tornado,Weapon,TRASH,Charsi food
Howltusk,Helm,TRASH,Charsi food
Hsarus' Iron Fist,Shield (Set),TRASH,Charsi food
Hsarus' Iron Heel,Boots (Set),None,Strong Leveling Item
Hsarus' Iron Stay,Belt (Set),None,Strong Leveling Item
Humongous,Weapon,TRASH,Charsi food
Husoldal Evo,Weapon,TRASH,Charsi food
Hwanin's Blessing,Amulet (Set),None,Niche source of Prevent Monster Heal
Hwanin's Justice,Weapon (Set),None,Good Mercenary Weapon before Insight
Hwanin's Refuge,Body Armor (Set),TRASH,Charsi food
Hwanin's Splendor,Helm (Set),TRASH,Charsi food
Iceblink,Body Armor,TRASH,Charsi food
Ichorsting,Weapon,TRASH,Charsi food
Infernal Cranium,Helm (Set),None,Low Level Resistance Helmet
Infernal Sign,Ring (Set),TRASH,Charsi food
Infernal Torch,Weapon (Set),TRASH,Charsi food
Iratha's Coil,Helm (Set),None,Full Iratha's Finery Set helps with capping Resistances in low Levels
Iratha's Collar,Amulet (Set),None,Full Iratha's Finery Set helps with capping Resistances in low Levels
Iratha's Cord,Belt (Set),None,Full Iratha's Finery Set helps with capping Resistances in low Levels
Iratha's Cuff,Gloves (Set),None,Full Iratha's Finery Set helps with capping Resistances in low Levels
Iron Pelt,Body Armor,TRASH,Charsi food
Ironstone,Weapon,TRASH,Charsi food
Isenhart's Case,Body Armor (Set),TRASH,Charsi food
Isenhart's Horns,Helm (Set),TRASH,Charsi food
Isenhart's Lightbrand,Weapon (Set),TRASH,Charsi food
Isenhart's Parry,Shield (Set),TRASH,Charsi food
Islestrike,Weapon,TRASH,Charsi food
Jade Talon,Weapon,None,Niche use on Martial Arts Assassin builds. Example: Phoenix Strike Assassin | Stats: +x to Martial Arts+x to Shadow Disciplines+x% Enhanced Damage. All Resistances +xx% Mana stolen per hit
Kelpie Snare,Weapon,None,Strong Mercenary Weapon with a massive Slow Effect | Stats: Ethereal+x% Enhanced Damage
Kinemil's Awl,Weapon,TRASH,Charsi food
Knell Striker,Weapon,None,Low Level Weapon with Crushing Blow
Kuko Shakaku,Weapon,None,Strong Leveling Bow for Amazons | Stats: +x% Enhanced Damage
Lance Guard,Shield,TRASH,Charsi food
Lance of Yaggai,Weapon,TRASH,Charsi food
Langer Briser,Weapon,TRASH,Charsi food
Lava Gout,Gloves,None,Niche Leveling Gloves
Leadcrow,Weapon,TRASH,Charsi food
Lenymo,Belt,TRASH,Charsi food
Lycander's Aim,Weapon,None,Solid Leveling Bow Amazon Weapon. Example: Freezing Arrow Amazon | Stats: +x% Enhanced Damagex% Mana stolen per hit
Lycander's Flank,Weapon,None,Budget Jab Fend Amazon Weapon | Stats: +x% Enhanced Damagex% Life stolen per hit
M'avina's Icy Clutch,Gloves (Set),None,Provides the Cannot Be Frozen stat. Typically used in full M'avina's Battle Hymn setups. Example: Freezing Arrow Amazon
M'avina's Tenet,Belt (Set),None,Only used in full M'avina's Battle Hymn setups. Example: Freezing Arrow Amazon
Maelstrom,Weapon,None,Early-game Weapon for Casters | Stats: +x to Corpse Explosion+x to Amplify Damage
Magewrath,Weapon,TRASH,Charsi food
Magnus' Skin,Gloves,None,Good Gloves for Leveling Attack builds
Manald Heal,Ring,None,Early-game Mana Leech solution | Stats: x% Mana stolen per hit
Mang Song's Lesson,Weapon,None,One of the rarest items in the game. Used in niche Sorceress builds | Stats: -x% to Enemy Fire Resistance-x% to Enemy Cold Resistance-x% to Enemy Lightning Resistance
Medusa's Gaze,Shield,TRASH,Charsi food
Messerschmidt's Reaver,Weapon,TRASH,Charsi food
Milabrega's Diadem,Helm (Set),TRASH,Charsi food
Milabrega's Orb,Shield (Set),None,Early-game Magic Find Shield prior to Rhyme
Milabrega's Robe,Body Armor (Set),TRASH,Charsi food
Milabrega's Rod,Weapon (Set),TRASH,Charsi food
Moonfall,Weapon,TRASH,Charsi food
Naj's Circlet,Helm (Set),None,Full Set grants solid Magic Find
Naj's Light Plate,Body Armor (Set),None,Solid mid-game progression Armor. Full Set grants solid Magic Find
Natalya's Shadow,Body Armor (Set),None,Used in Full Natalya's Odium setups on niche Martial Arts Assassins. Example: Phoenix Strike Assassin | Stats: Socketed [3] required
Natalya's Totem,Helm (Set),None,Good All Resistances Helmet. Used in Full Natalya's Odium setups on niche Martial Arts Assassins. Example: Phoenix Strike Assassin | Stats: All Resistances +20+x to Strength+x to Dexterity
Nightsmoke,Belt,None,Good Leveling Belt due to All Resistances
Nokozan Relic,Amulet,None,Strong Amulet in areas with high Fire Damage
Nord's Tenderizer,Weapon,TRASH,Charsi food
Ondal's Almighty,Helm (Set),TRASH,Charsi food
Pelta Lunata,Shield,TRASH,Charsi food
Pierre Tombale Couant,Weapon,TRASH,Charsi food
Plague Bearer,Weapon,None,Budget Rabies Druid Weapon
Pluckeye,Weapon,TRASH,Charsi food
Pompeii's Wrath,Weapon,TRASH,Charsi food
Pus Spitter,Weapon,TRASH,Charsi food
Radament's Sphere,Weapon,TRASH,Charsi food
Rakescar,Weapon,TRASH,Charsi food
Rattlecage,Body Armor,None,Good Mercenary option to provide Crushing Blow Used as Swap for Bosses on melee Attack builds during Leveling
Razor's Edge,Weapon,None,Strong budget melee Weapon. Example: Zeal Paladin | Stats: +x% Enhanced Damage
Razorswitch,Weapon,None,Strong Caster option instead of the Spirit + Ancient's Pledgecombination
Razortine,Weapon,TRASH,Charsi food
Riphook,Weapon,TRASH,Charsi food
Ripsaw,Weapon,TRASH,Charsi food
Rite of Passage,Boots (Set),TRASH,Charsi food
Rixot's Keen,Weapon,None,Low Level Weapon with Crushing Blow
Rockfleece,Body Armor,None,Early-game survivability Armor for melee Attack builds and Mercenaries
Rogue's Bow,Weapon,TRASH,Charsi food
Rune Master,Weapon,None,Can socket 5x Ist Runein it for off-hand Magic Find. Example: Berserk Barbarian | Stats: Socketed [5] required. Ethereal
Rusthandle,Weapon,TRASH,Charsi food
Sander's Paragon,Helm (Set),None,Early-game Magic Find Helmet
Sander's Riprap,Boots (Set),None,Great utility Boots while Leveling
Sander's Superstition,Weapon (Set),None,Great for early Leveling prior to Spirit
Sander's Taboo,Gloves (Set),None,"Good early Leveling Gloves, especially for Attack builds"
Saracen’s Chance,Amulet,None,Temporary Resistance and Attribute Amulet | Stats: All Resistances +x
Sazabi's Cobalt Redeemer,Weapon (Set),TRASH,Charsi food
Sazabi's Ghost Liberator,Body Armor (Set),None,Niche Mercenary Armor | Stats: +x to Life
Sazabi's Mental Sheath,Helm (Set),None,Mid-game progression Helm. Grants +1 to All Skills | Stats: Lightning Resist +x%Fire Resist +x%
Serpent Lord,Weapon,TRASH,Charsi food
Shadow Killer,Weapon,TRASH,Charsi food
Shadowfang,Weapon,TRASH,Charsi food
Silks of the Victor,Body Armor,None,It grants +1 to All Skills
Skewer of Krintiz,Weapon,TRASH,Charsi food
Skin of the Flayed One,Body Armor,None,Provides Mercenaries with Life Leech | Stats: x% Life stolen per hit
Skull Collector,Weapon,TRASH,Charsi food
Skull Splitter,Weapon,TRASH,Charsi food
Skystrike,Weapon,TRASH,Charsi food
Snakecord,Belt,TRASH,Charsi food
Soul Drainer,Gloves,None,Can be used on builds that require Dual Leech | Stats: x% Mana stolen per hitx% Life stolen per hit
Soul Harvest,Weapon,TRASH,Charsi food
Soulfeast Tine,Weapon,TRASH,Charsi food
Soulflay,Weapon,TRASH,Charsi food
Sparking Mail,Body Armor,TRASH,Charsi food
Spectral Shard,Weapon,None,Budget Wizardspikefor Caster Builds
Spellsteel,Weapon,None,Used as source of Teleporton your Weapon-swap | Stats: Magic Damage Reduced by x
Spike Thorn,Shield,TRASH,Charsi food
Spineripper,Weapon,TRASH,Charsi food
Spire of Honor,Weapon,None,Niche Mercenary Weapon | Stats: Ethereal+x% Enhanced Damage
Spire of Lazarus,Weapon,TRASH,Charsi food
Spirit Forge,Body Armor,None,Early-game Mercenary Armor
Spirit Keeper,Helm,None,Defensive Helmet for Druids. Used in certain Pv. P scenarios. Requires +2 to Druid Skills | Stats: +x to Druid Skill Levels. Fire Resist +x%+x Lightning Absorb. Cold Absorb x%
Spirit Ward,Shield,None,Niche Shield for high Chance to Block and Resistances. Low Value in Hardcore | Stats: x% Increased Chance of Blocking. All Restiances +x+x Cold Absorb
Steel Carapace,Body Armor,TRASH,Charsi food
Steel Pillar,Weapon,TRASH,Charsi food
Steel Shade,Helm,TRASH,Charsi food
Steelclash,Shield,None,"Good low Level Shield option, especially for Paladins"
Steeldriver,Weapon,TRASH,Charsi food
Steelgoad,Weapon,TRASH,Charsi food
Stone Crusher,Weapon,TRASH,Charsi food
Stoneraven,Weapon,None,Budget Jab Fend Amazon Weapon | Stats: +x% Enhanced Damage+x to Javelin and Spear Skills [Amazon Only]
Stormchaser,Shield,TRASH,Charsi food
Stormeye,Weapon,TRASH,Charsi food
Stormguild,Shield,TRASH,Charsi food
Stormrider,Weapon,TRASH,Charsi food
Stormspike,Weapon,TRASH,Charsi food
Stormspire,Weapon,TRASH,Charsi food
Stormstrike,Weapon,TRASH,Charsi food
Stoutnail,Weapon,TRASH,Charsi food
Sureshrill Frost,Weapon,TRASH,Charsi food
Swordback Hold,Shield,TRASH,Charsi food
Swordguard,Weapon,TRASH,Charsi food
Taebaek's Glory,Body Armor (Set),TRASH,Charsi food
Tancred's Crowbill,Weapon (Set),TRASH,Charsi food
Tancred's Hobnails,Boots (Set),None,Great early-game Magic Find option in combination with Tancred's Weird
Tancred's Skull,Helm (Set),TRASH,Charsi food
Tancred's Spine,Body Armor (Set),TRASH,Charsi food
Tancred's Weird,Amulet (Set),None,Great early-game Magic Find option in combination with Tancred's Hobnails
Tearhaunch,Boots,None,Decent early-game Boots with All Resistances
Telling of Beads,Amulet,None,It grants +1 to All Skills. Good early to mid-game Amulet
Templar's Might,Body Armor,None,Used in niche builds | Stats: +x to Strength+x to Vitality+x to Offensive Auras
The Atlantean,Weapon,TRASH,Charsi food
The Battlebranch,Weapon,None,Decent low Level Mercenary Weapon
The Centurion,Body Armor,TRASH,Charsi food
The Chieftain,Weapon,TRASH,Charsi food
The Diggler,Weapon,TRASH,Charsi food
The Dragon Chang,Weapon,TRASH,Charsi food
The Eye of Etlich,Amulet,None,Low Level Requirement Amulet with +1 to All Skills | Stats: x% Life stolen per hit. Adds x - x Cold Damage
The Face of Horror,Helm,None,Decent early-game Mercenary Helmet
The Fetid Sprinkler,Weapon,TRASH,Charsi food
The Gavel of Pain,Weapon,None,Niche use on Weapon-Swap for its Amplify Damage Charges
The General's Tan Do Li Ga,Weapon,TRASH,Charsi food
The Gladiator's Bane,Body Armor,None,Niche use on Mercenaries and Attack builds | Stats: Ethereal (on Mercenaries)Damage Reduced by x. Magic Damage Reduced by x
The Gnasher,Weapon,None,Strong budget Weapon for a Smiter
The Grim Reaper,Weapon,TRASH,Charsi food
The Hand of Broc,Gloves,None,Usable in very low Levels Attack builds and builds with high demand for Mana
The Impaler,Weapon,TRASH,Charsi food
The Iron Jang Bong,Weapon,TRASH,Charsi food
The Jade Tan Do,Weapon,TRASH,Charsi food
The Mahim-Oak Curio,Amulet,TRASH,Charsi food
The Meat Scraper,Weapon,TRASH,Charsi food
The Minotaur,Weapon,TRASH,Charsi food
The Patriarch,Weapon,TRASH,Charsi food
The Rising Sun,Amulet,None,High reduction of incoming Fire Damage
The Salamander,Weapon,TRASH,Charsi food
The Scalper,Weapon,None,Starter Throw Barbarian Weapon. Upgrade it using the Horadric Cube Recipe | Stats: +x% Enhanced Damage
The Spirit Shroud,Body Armor,None,Solid early-game option for Attack builds that require +x to All Skills | Stats: Magic Damage Reduced by x
The Tannr Gorerod,Weapon,TRASH,Charsi food
The Vile Husk,Weapon,None,Used on Act 5 Mercenaries to proc Amplify Damagefor Attack builds | Stats: +x% Enhanced Damage
The Ward,Shield,None,Alternative to Ancient's Pledge if rolled well | Stats: All Resistances +x
Tiamat's Rebuke,Shield,None,Very strong Leveling Shield for Attack builds | Stats: All Resistances +x
Todesfaelle Flamme,Weapon,TRASH,Charsi food
Toothrow,Body Armor,TRASH,Charsi food
Torch of Iro,Weapon,TRASH,Charsi food
Treads of Cthon,Boots,TRASH,Charsi food
Twitchthroe,Body Armor,None,Solid early-game Armor for Attack builds
Umbral Disk,Shield,TRASH,Charsi food
Ume's Lament,Weapon,TRASH,Charsi food
Undead Crown,Helm,None,Early-game Mercenary helmet option
Veil of Steel,Helm,None,Decent Helmet option for Mercenaries. Not a Nightwing's Veil = Sad
Venom Grip,Gloves,TRASH,Charsi food
Venom Ward,Body Armor,None,Early-game Poison Damage tank solution. Helpful when facing Andariel or Lilith.
Vidala's Ambush,Body Armor (Set),TRASH,Charsi food
Vidala's Barb,Weapon (Set),TRASH,Charsi food
Vidala's Fetlock,Boots (Set),None,Good early-game Boots and a strong option for early Magic Find builds in combination with Vidala's Snare
Vidala's Snare,Amulet (Set),None,Niche option for early Magic Find builds in combination with Vidala's Fetlock
Viperfork,Weapon,TRASH,Charsi food
Visceratuant,Shield,TRASH,Charsi food
Wall of the Eyeless,Shield,None,Good option for low Level Caster builds. Especially good on Nova Sorceresses due to its Mana after each Kill
Warlord's Trust,Weapon,TRASH,Charsi food
Warpspear,Weapon,None,Solid utility Weapon-Swap to pre-buff Energy Shield
Whitstan's Guard,Shield (Set),None,Good Hardcore Shield option. Requires the least amount of Dexterity for maximum Chance to Block
Widowmaker,Weapon,None,Used in niche PVP builds | Stats: +x% Enhanced Damage+x to Guided Arrow
Wilhelm's Pride,Belt (Set),None,Niche item that provides Mana and Life stolen per hit
Windhammer,Weapon,None,Decent mid-game option for melee builds like the Fury Druid or Whirlwind Barbarian | Stats: +x% Enhanced Damage
Witherstring,Weapon,TRASH,Charsi food
Wizendraw,Weapon,None,Strong early-game option for Freezing Arrow Amazons | Stats: -x% to Enemy Cold Resistance+x% Enhanced Damage
Woestave,Weapon,None,Good early-game Mercenary Weapon that provides Open Wounds and a 50% Slow Effect | Stats: +x% Enhanced Damage
Wormskull,Helm,None,Early-game Mercenary Helmet used for its Life stolen per hit
Zakarum's Hand,Weapon,TRASH,Charsi food
